Feature,Importance
hour,-0.00064842068819758
month,0.005550865081975086
PULocationID,0.02604658978978382
day,0.03081181519890318
driver_pay,0.035563862360231256
DOLocationID,0.05949487782550576
trip_time,0.3285592720813917
trip_miles,0.5146211383504067
