Feature,Importance
hour,0.0002728377811578543
month,0.015061677693480276
PULocationID,0.027187717776478933
day,0.029075156762971545
driver_pay,0.04622366425483875
DOLocationID,0.05521666560332061
trip_miles,0.3668718105095615
trip_time,0.46009046961819045
