Feature,Importance (%)
weekday,0.6644969212299541
month,1.1554185684005474
hour,1.2408938063996375
PULocationID,2.2562784563486975
DOLocationID,4.748430414184981
trip_time,16.654144203956566
trip_miles,73.28033762947962
